screen_usecase_id,screen_name,release,primary_story_ids,dependency_story_ids,approval_status,approved_story_ids,pending_story_ids,notes
SUC-001,Login,R1,STORY-0001,,APPROVED,STORY-0001,,Single-screen entry flow
SUC-002,Offline Map,R2,STORY-0002;STORY-0003;STORY-0004;STORY-0005,,PENDING_USER_APPROVAL,,STORY-0002;STORY-0003;STORY-0004;STORY-0005,Screen plus status/style/tile endpoints
SUC-003,Predefined Delivery Trips,R2,STORY-0006;STORY-0007;STORY-0008;STORY-0009;STORY-0010,,PENDING_USER_APPROVAL,,STORY-0006;STORY-0007;STORY-0008;STORY-0009;STORY-0010,List/create/add-stop/remove-stop/remove workflow
SUC-004,Complete Trip,R1,STORY-0011,,APPROVED,STORY-0011,,STORY-0011 explicitly approved and fan-out requested; post-approval conformance pending
SUC-005,Challan Book Maintenance,R1,STORY-0012;STORY-0013,,APPROVED,STORY-0012;STORY-0013,,GET add form plus POST save; both Stories explicitly approved
SUC-006,Challan Monitoring / Heatmap / Photo,R1,STORY-0014;STORY-0015;STORY-0016,,APPROVED,STORY-0014;STORY-0015;STORY-0016,,All three primary Stories explicitly approved and fan-out requested; post-approval conformance pending
SUC-007,Customer Address / Planning Map,R2,STORY-0017;STORY-0018;STORY-0019,,PENDING_USER_APPROVAL,,STORY-0017;STORY-0018;STORY-0019,Planning map missing-address and GeoJSON capabilities
SUC-008,Yard Location Upload / Map,R2,STORY-0020;STORY-0021;STORY-0022,,PENDING_USER_APPROVAL,,STORY-0020;STORY-0021;STORY-0022,Upload screen submission and GeoJSON
SUC-009,Customer Address Upload / WhatsApp Import,R2,STORY-0023;STORY-0024;STORY-0025;STORY-0026,,PENDING_USER_APPROVAL,,STORY-0023;STORY-0024;STORY-0025;STORY-0026,Upload and WhatsApp import workflow
SUC-010,Customer Consumption Dashboard,R2,STORY-0027;STORY-0028;STORY-0029;STORY-0030,,PENDING_USER_APPROVAL,,STORY-0027;STORY-0028;STORY-0029;STORY-0030,Screen dashboard and dashboard API
SUC-011,Ownership Obligation Dashboard,R1,STORY-0031,,APPROVED,STORY-0031,,Dashboard entry
SUC-012,Walk-in Sale,R1,STORY-0032;STORY-0033,STORY-0086;STORY-0091;STORY-0096;STORY-0106,APPROVED,STORY-0032;STORY-0033;STORY-0086;STORY-0091;STORY-0096;STORY-0106,,Walk-in Sale dependencies STORY-0086 STORY-0091 STORY-0096 approved; primary and remaining dependency states governed separately
SUC-013,Customer Spot Cylinder Check,R2,STORY-0034;STORY-0035,,PENDING_USER_APPROVAL,,STORY-0034;STORY-0035,Fetch and submit workflow
SUC-014,Yard Audit Dashboard,R1,STORY-0036,,PENDING_USER_APPROVAL,,STORY-0036,Dashboard entry
SUC-015,Cylinder Delivery,R1,STORY-0037;STORY-0038,,SUPERSEDED_NOT_NEEDED,,,Legacy Cylinder Delivery controller replaced by Add Stop customer-delivery flow; STORY-0037/0038 retained for audit only; replacement STORY-0051 + STORY-0085
SUC-016,Vehicle Load,R1,STORY-0039;STORY-0040,,SUPERSEDED_NOT_NEEDED,,,Superseded by SUC-018 Vehicle Trip Load Wizard; STORY-0039 and STORY-0040 retained for audit only
SUC-017,Customer Registration,R1,STORY-0041;STORY-0042,STORY-0089;STORY-0090;STORY-0101,APPROVED,STORY-0041;STORY-0042;STORY-0089;STORY-0090;STORY-0101,,Both primary registration Stories and all mapped city/country/state dependencies are approved; STORY-0041 and STORY-0042 fanout requested
SUC-018,Vehicle Trip Load Wizard,R1,STORY-0043;STORY-0044,STORY-0086;STORY-0091;STORY-0092;STORY-0103;STORY-0106,APPROVED,STORY-0043;STORY-0044;STORY-0086;STORY-0091;STORY-0092;STORY-0103;STORY-0106,,Primary Wizard Stories and dependencies STORY-0086 STORY-0091 STORY-0092 STORY-0103 approved; STORY-0106 remains pending; independent drift gates remain
SUC-019,Customer Display / Maintenance,R1,STORY-0045;STORY-0046;STORY-0047,STORY-0089;STORY-0090;STORY-0101,APPROVED,STORY-0045;STORY-0046;STORY-0047;STORY-0089;STORY-0090;STORY-0101,,All primary customer-maintenance Stories explicitly approved and fan-out requested; independent conformance/drift gates remain
SUC-020,Add Stop / Challan Photo,R1,STORY-0048;STORY-0049;STORY-0050;STORY-0051,STORY-0086;STORY-0091;STORY-0096;STORY-0102;STORY-0107,APPROVED,STORY-0048;STORY-0049;STORY-0050;STORY-0086;STORY-0091;STORY-0096;STORY-0102;STORY-0107,STORY-0051,Explicit SUC-020 use-case approval confirmed 2026-09-05; Add Stop interactive customer/supplier cylinder-selection workflow approved at use-case level; independent Story conformance/drift and execution gates remain
SUC-021,Trip Return,R1,STORY-0052;STORY-0053,,APPROVED,STORY-0052;STORY-0053,,Both Trip Return Stories explicitly approved and fan-out requested; both include the Yard Audit/Yard Stock Check and later challan reconciliation lifecycle; post-approval conformance pending
SUC-022,Customer Demands,R1,STORY-0054;STORY-0055;STORY-0056,,PARTIALLY_APPROVED,STORY-0054;STORY-0055,STORY-0056,STORY-0054 and STORY-0055 explicitly approved and fan-out requested; STORY-0056 pending
SUC-023,Trip Review,R1,STORY-0057;STORY-0058;STORY-0084,,PENDING_USER_APPROVAL,,STORY-0057;STORY-0058;STORY-0084,List/detail and close-review action
SUC-024,Supplier Lookup / List Support,R1,STORY-0059,,PENDING_USER_APPROVAL,,STORY-0059,Shared supplier listing support
SUC-025,Vehicle Loads Listing,R1,STORY-0060;STORY-0061,STORY-0107;STORY-0126,PARTIALLY_APPROVED,STORY-0107,STORY-0060;STORY-0061;STORY-0126,List views plus live on-vehicle cylinder dependency and selected vehicle-load detail/fetch capability
SUC-026,Vehicle Trips Listing,R1,STORY-0062,,PENDING_USER_APPROVAL,,STORY-0062,Vehicle trip list
SUC-027,Party Custody Traceability,R1,STORY-0063,,PENDING_USER_APPROVAL,,STORY-0063,Traceability screen
SUC-028,Reconciliation Command Center,R2,STORY-0064;STORY-0065,,PENDING_USER_APPROVAL,,STORY-0064;STORY-0065,Command-center screen and details
SUC-029,Ownership Dashboard,MIXED_R1_R2,STORY-0066;STORY-0067;STORY-0068;STORY-0069;STORY-0070,,PENDING_USER_APPROVAL,,STORY-0066;STORY-0067;STORY-0068;STORY-0069;STORY-0070,Main dashboard is R2 while Yard/Customer/Supplier/Logistics views are R1
SUC-030,Delivery Planning Maps / Stops,R2,STORY-0071;STORY-0072;STORY-0073;STORY-0074;STORY-0075;STORY-0076;STORY-0077,,PENDING_USER_APPROVAL,,STORY-0071;STORY-0072;STORY-0073;STORY-0074;STORY-0075;STORY-0076;STORY-0077,Map layers stop data nearby customers coverage and GeoJSON
SUC-031,Customer Activation / Deactivation,R1,STORY-0078;STORY-0079,,PENDING_USER_APPROVAL,,STORY-0078;STORY-0079,Customer status mutation pair
SUC-032,Supplier Ingestion,R1,STORY-0080;STORY-0081,STORY-0089;STORY-0090;STORY-0101,APPROVED,STORY-0080;STORY-0081;STORY-0089;STORY-0090;STORY-0101,,Both primary Supplier Ingestion Stories and all mapped city/country/state dependencies are approved; STORY-0080 and STORY-0081 fanout requested
SUC-033,Yard Stock Check,R1,STORY-0082;STORY-0083,STORY-0094,PARTIALLY_APPROVED,STORY-0094,STORY-0082;STORY-0083,GET/POST stock-check plus source-proved generic cylinder search
SUC-034,Delivery Stop Submission,R1,STORY-0085,,APPROVED,STORY-0085,,Delivery Stop Submission approved and fan-out authorized; post-approval conformance governs downstream execution
SUC-035,Shared Screen Search / Lookup APIs,R1,,STORY-0086;STORY-0087;STORY-0088;STORY-0089;STORY-0090;STORY-0091;STORY-0092;STORY-0093;STORY-0094;STORY-0095;STORY-0096;STORY-0097;STORY-0098;STORY-0099;STORY-0100;STORY-0101;STORY-0102;STORY-0103;STORY-0104;STORY-0105;STORY-0106;STORY-0107,PARTIALLY_APPROVED,STORY-0086;STORY-0087;STORY-0088;STORY-0089;STORY-0090;STORY-0091;STORY-0092;STORY-0094;STORY-0095;STORY-0096;STORY-0097;STORY-0098;STORY-0099;STORY-0100;STORY-0101;STORY-0102;STORY-0103;STORY-0107;STORY-0104;STORY-0105;STORY-0106,STORY-0093,Shared search projection reconciled; STORY-0088 approved/fanout authorized; conformance/drift gates remain per Story
SUC-036,Domain Lookup Management,R1,STORY-0108;STORY-0109;STORY-0110;STORY-0111;STORY-0112;STORY-0113;STORY-0114,STORY-0092;STORY-0098;STORY-0099;STORY-0100;STORY-0103,APPROVED,STORY-0108;STORY-0109;STORY-0110;STORY-0111;STORY-0112;STORY-0113;STORY-0114;STORY-0092;STORY-0098;STORY-0099;STORY-0100;STORY-0103,,All primary and mapped dependency Stories explicitly approved; STORY-0110..0114 and STORY-0103 retain independent drift-remediation approval gates
SUC-037,Delivery Planning Main Screens,R2,STORY-0115;STORY-0116;STORY-0117;STORY-0118;STORY-0119;STORY-0120;STORY-0121;STORY-0122;STORY-0123,,PENDING_USER_APPROVAL,,STORY-0115;STORY-0116;STORY-0117;STORY-0118;STORY-0119;STORY-0120;STORY-0121;STORY-0122;STORY-0123,Planning entry/dashboard/forecast and stop-management workflow
SUC-038,Reconciliation Dashboard,R2,STORY-0124;STORY-0125,,PENDING_USER_APPROVAL,,STORY-0124;STORY-0125,Dashboard plus search
SUC-039,Lookup / Lookup Management,R1,STORY-0127;STORY-0128;STORY-0129;STORY-0130;STORY-0131;STORY-0132,STORY-0087;STORY-0089;STORY-0090;STORY-0101,APPROVED,STORY-0127;STORY-0128;STORY-0129;STORY-0130;STORY-0131;STORY-0132;STORY-0087;STORY-0089;STORY-0090;STORY-0101,,All primary and shared search dependency Stories explicitly approved; requested fan-out recorded
SUC-040,Add Vehicle Trip,R1,STORY-0133;STORY-0134,,SUPERSEDED_NOT_NEEDED,,,Superseded by SUC-018 Vehicle Trip Load Wizard; STORY-0133 and STORY-0134 retained for audit only
