story_id,rework_state,approval_gate,reason,next_action
STORY-0001,BUSINESS_BEHAVIOR_COMPLETE_AWAITING_USER_REAPPROVAL,EXPLICIT_USER_REAPPROVAL_REQUIRED,MATERIALLY_REWORKED_CURRENT_CONTRACT,USER_REVIEW_AND_EXPLICIT_REAPPROVAL
STORY-0002,REWORK_REQUIRED,EXPLICIT_USER_APPROVAL_REQUIRED_AFTER_REWORK,BUSINESS_BEHAVIOR_AND_USER_SYSTEM_IMPACT_REWORK,REWORK_FROM_FROZEN_SOURCE_TO_BUSINESS_BEHAVIOR_STANDARD
STORY-0003,REWORK_REQUIRED,EXPLICIT_USER_APPROVAL_REQUIRED_AFTER_REWORK,BUSINESS_BEHAVIOR_AND_USER_SYSTEM_IMPACT_REWORK,REWORK_FROM_FROZEN_SOURCE_TO_BUSINESS_BEHAVIOR_STANDARD
STORY-0004,REWORK_REQUIRED,EXPLICIT_USER_APPROVAL_REQUIRED_AFTER_REWORK,BUSINESS_BEHAVIOR_AND_USER_SYSTEM_IMPACT_REWORK,REWORK_FROM_FROZEN_SOURCE_TO_BUSINESS_BEHAVIOR_STANDARD
STORY-0005,REWORK_REQUIRED,EXPLICIT_USER_APPROVAL_REQUIRED_AFTER_REWORK,BUSINESS_BEHAVIOR_AND_USER_SYSTEM_IMPACT_REWORK,REWORK_FROM_FROZEN_SOURCE_TO_BUSINESS_BEHAVIOR_STANDARD
STORY-0006,REWORK_REQUIRED,EXPLICIT_USER_APPROVAL_REQUIRED_AFTER_REWORK,BUSINESS_BEHAVIOR_AND_USER_SYSTEM_IMPACT_REWORK,REWORK_FROM_FROZEN_SOURCE_TO_BUSINESS_BEHAVIOR_STANDARD
STORY-0007,REWORK_REQUIRED,EXPLICIT_USER_APPROVAL_REQUIRED_AFTER_REWORK,BUSINESS_BEHAVIOR_AND_USER_SYSTEM_IMPACT_REWORK,REWORK_FROM_FROZEN_SOURCE_TO_BUSINESS_BEHAVIOR_STANDARD
STORY-0008,REWORK_REQUIRED,EXPLICIT_USER_APPROVAL_REQUIRED_AFTER_REWORK,BUSINESS_BEHAVIOR_AND_USER_SYSTEM_IMPACT_REWORK,REWORK_FROM_FROZEN_SOURCE_TO_BUSINESS_BEHAVIOR_STANDARD
STORY-0009,REWORK_REQUIRED,EXPLICIT_USER_APPROVAL_REQUIRED_AFTER_REWORK,BUSINESS_BEHAVIOR_AND_USER_SYSTEM_IMPACT_REWORK,REWORK_FROM_FROZEN_SOURCE_TO_BUSINESS_BEHAVIOR_STANDARD
STORY-0010,REWORK_REQUIRED,EXPLICIT_USER_APPROVAL_REQUIRED_AFTER_REWORK,BUSINESS_BEHAVIOR_AND_USER_SYSTEM_IMPACT_REWORK,REWORK_FROM_FROZEN_SOURCE_TO_BUSINESS_BEHAVIOR_STANDARD
STORY-0011,BUSINESS_BEHAVIOR_COMPLETE_AWAITING_USER_REVIEW,EXPLICIT_USER_APPROVAL_REQUIRED_AFTER_REWORK,BUSINESS_BEHAVIOR_COMPLETE_SELECTOR_REVIEW_COMPLETE,USER_REVIEW_REWORKED_STORY
STORY-0012,BUSINESS_BEHAVIOR_COMPLETE_AWAITING_USER_REVIEW,EXPLICIT_USER_APPROVAL_REQUIRED_AFTER_REWORK,BUSINESS_BEHAVIOR_COMPLETE_SUMMARY_METRIC_DATABASE_READ_BOUND,USER_REVIEW_REWORKED_STORY
STORY-0013,BUSINESS_BEHAVIOR_COMPLETE_AWAITING_USER_REVIEW,EXPLICIT_USER_APPROVAL_REQUIRED_AFTER_REWORK,BUSINESS_BEHAVIOR_COMPLETE_SERVICE_DAO_DATABASE_BOUND_CURRENT_GAPS_RECORDED,USER_REVIEW_REWORKED_STORY
STORY-0014,BUSINESS_BEHAVIOR_COMPLETE_AWAITING_USER_REVIEW,EXPLICIT_USER_APPROVAL_REQUIRED_AFTER_REWORK,BUSINESS_BEHAVIOR_COMPLETE_AGING_DASHBOARD_SOURCE_BOUND,USER_REVIEW_REWORKED_STORY
STORY-0015,BUSINESS_BEHAVIOR_COMPLETE_AWAITING_USER_REVIEW,EXPLICIT_USER_APPROVAL_REQUIRED_AFTER_REWORK,BUSINESS_BEHAVIOR_COMPLETE_CHALLAN_HEATMAP_SOURCE_BOUND,USER_REVIEW_REWORKED_STORY
STORY-0016,BUSINESS_BEHAVIOR_COMPLETE_AWAITING_USER_REVIEW,EXPLICIT_USER_APPROVAL_REQUIRED_AFTER_REWORK,BUSINESS_BEHAVIOR_COMPLETE_CHALLAN_PAGE_PHOTO_SOURCE_BOUND,USER_REVIEW_REWORKED_STORY
STORY-0017,REWORK_REQUIRED,EXPLICIT_USER_APPROVAL_REQUIRED_AFTER_REWORK,BUSINESS_BEHAVIOR_AND_USER_SYSTEM_IMPACT_REWORK,REWORK_FROM_FROZEN_SOURCE_TO_BUSINESS_BEHAVIOR_STANDARD
STORY-0018,REWORK_REQUIRED,EXPLICIT_USER_APPROVAL_REQUIRED_AFTER_REWORK,BUSINESS_BEHAVIOR_AND_USER_SYSTEM_IMPACT_REWORK,REWORK_FROM_FROZEN_SOURCE_TO_BUSINESS_BEHAVIOR_STANDARD
STORY-0019,REWORK_REQUIRED,EXPLICIT_USER_APPROVAL_REQUIRED_AFTER_REWORK,BUSINESS_BEHAVIOR_AND_USER_SYSTEM_IMPACT_REWORK,REWORK_FROM_FROZEN_SOURCE_TO_BUSINESS_BEHAVIOR_STANDARD
STORY-0020,REWORK_REQUIRED,EXPLICIT_USER_APPROVAL_REQUIRED_AFTER_REWORK,BUSINESS_BEHAVIOR_AND_USER_SYSTEM_IMPACT_REWORK,REWORK_FROM_FROZEN_SOURCE_TO_BUSINESS_BEHAVIOR_STANDARD
STORY-0021,REWORK_REQUIRED,EXPLICIT_USER_APPROVAL_REQUIRED_AFTER_REWORK,BUSINESS_BEHAVIOR_AND_USER_SYSTEM_IMPACT_REWORK,REWORK_FROM_FROZEN_SOURCE_TO_BUSINESS_BEHAVIOR_STANDARD
STORY-0022,REWORK_REQUIRED,EXPLICIT_USER_APPROVAL_REQUIRED_AFTER_REWORK,BUSINESS_BEHAVIOR_AND_USER_SYSTEM_IMPACT_REWORK,REWORK_FROM_FROZEN_SOURCE_TO_BUSINESS_BEHAVIOR_STANDARD
STORY-0023,REWORK_REQUIRED,EXPLICIT_USER_APPROVAL_REQUIRED_AFTER_REWORK,BUSINESS_BEHAVIOR_AND_USER_SYSTEM_IMPACT_REWORK,REWORK_FROM_FROZEN_SOURCE_TO_BUSINESS_BEHAVIOR_STANDARD
STORY-0024,REWORK_REQUIRED,EXPLICIT_USER_APPROVAL_REQUIRED_AFTER_REWORK,BUSINESS_BEHAVIOR_AND_USER_SYSTEM_IMPACT_REWORK,REWORK_FROM_FROZEN_SOURCE_TO_BUSINESS_BEHAVIOR_STANDARD
STORY-0025,REWORK_REQUIRED,EXPLICIT_USER_APPROVAL_REQUIRED_AFTER_REWORK,BUSINESS_BEHAVIOR_AND_USER_SYSTEM_IMPACT_REWORK,REWORK_FROM_FROZEN_SOURCE_TO_BUSINESS_BEHAVIOR_STANDARD
STORY-0026,REWORK_REQUIRED,EXPLICIT_USER_APPROVAL_REQUIRED_AFTER_REWORK,BUSINESS_BEHAVIOR_AND_USER_SYSTEM_IMPACT_REWORK,REWORK_FROM_FROZEN_SOURCE_TO_BUSINESS_BEHAVIOR_STANDARD
STORY-0027,REWORK_REQUIRED,EXPLICIT_USER_APPROVAL_REQUIRED_AFTER_REWORK,BUSINESS_BEHAVIOR_AND_USER_SYSTEM_IMPACT_REWORK,REWORK_FROM_FROZEN_SOURCE_TO_BUSINESS_BEHAVIOR_STANDARD
STORY-0028,REWORK_REQUIRED,EXPLICIT_USER_APPROVAL_REQUIRED_AFTER_REWORK,BUSINESS_BEHAVIOR_AND_USER_SYSTEM_IMPACT_REWORK,REWORK_FROM_FROZEN_SOURCE_TO_BUSINESS_BEHAVIOR_STANDARD
STORY-0029,REWORK_REQUIRED,EXPLICIT_USER_APPROVAL_REQUIRED_AFTER_REWORK,BUSINESS_BEHAVIOR_AND_USER_SYSTEM_IMPACT_REWORK,REWORK_FROM_FROZEN_SOURCE_TO_BUSINESS_BEHAVIOR_STANDARD
STORY-0030,REWORK_REQUIRED,EXPLICIT_USER_APPROVAL_REQUIRED_AFTER_REWORK,BUSINESS_BEHAVIOR_AND_USER_SYSTEM_IMPACT_REWORK,REWORK_FROM_FROZEN_SOURCE_TO_BUSINESS_BEHAVIOR_STANDARD
STORY-0031,BUSINESS_BEHAVIOR_COMPLETE_AWAITING_USER_REVIEW,EXPLICIT_USER_APPROVAL_REQUIRED_AFTER_REWORK,BUSINESS_BEHAVIOR_COMPLETE_OWNERSHIP_OBLIGATION_SOURCE_BOUND,USER_REVIEW_REWORKED_STORY
STORY-0032,BUSINESS_BEHAVIOR_COMPLETE_AWAITING_USER_REVIEW,EXPLICIT_USER_APPROVAL_REQUIRED_AFTER_REWORK,BUSINESS_BEHAVIOR_COMPLETE_WALKIN_GET_SELECTOR_REVIEW_COMPLETE,USER_REVIEW_REWORKED_STORY
STORY-0033,BUSINESS_BEHAVIOR_COMPLETE_AWAITING_USER_REVIEW,EXPLICIT_USER_APPROVAL_REQUIRED_AFTER_REWORK,BUSINESS_BEHAVIOR_COMPLETE_WALKIN_POST_PERSISTENCE_BOUND,USER_REVIEW_REWORKED_STORY
STORY-0034,REWORK_REQUIRED,EXPLICIT_USER_APPROVAL_REQUIRED_AFTER_REWORK,BUSINESS_BEHAVIOR_AND_USER_SYSTEM_IMPACT_REWORK,REWORK_FROM_FROZEN_SOURCE_TO_BUSINESS_BEHAVIOR_STANDARD
STORY-0035,REWORK_REQUIRED,EXPLICIT_USER_APPROVAL_REQUIRED_AFTER_REWORK,BUSINESS_BEHAVIOR_AND_USER_SYSTEM_IMPACT_REWORK,REWORK_FROM_FROZEN_SOURCE_TO_BUSINESS_BEHAVIOR_STANDARD
STORY-0036,BUSINESS_BEHAVIOR_COMPLETE_AWAITING_USER_REVIEW,EXPLICIT_USER_APPROVAL_REQUIRED_AFTER_REWORK,BUSINESS_BEHAVIOR_COMPLETE_YARD_AUDIT_DASHBOARD_SOURCE_BOUND,USER_REVIEW_REWORKED_STORY
STORY-0037,REWORK_IN_PROGRESS_SOURCE_BINDING_REQUIRED,EXPLICIT_USER_APPROVAL_REQUIRED_AFTER_REWORK,EMBEDDED_SAVE_CONCRETE_TRANSACTION_PERSISTENCE_UNBOUND,BIND_CONCRETE_SAVE_SERVICE_TRANSACTION_AND_PERSISTENCE_FROM_FROZEN_SOURCE
STORY-0038,REWORK_REQUIRED,EXPLICIT_USER_APPROVAL_REQUIRED_AFTER_REWORK,BUSINESS_BEHAVIOR_AND_USER_SYSTEM_IMPACT_REWORK,REWORK_FROM_FROZEN_SOURCE_TO_BUSINESS_BEHAVIOR_STANDARD
STORY-0039,REWORK_REQUIRED,EXPLICIT_USER_APPROVAL_REQUIRED_AFTER_REWORK,BUSINESS_BEHAVIOR_AND_USER_SYSTEM_IMPACT_REWORK,REWORK_FROM_FROZEN_SOURCE_TO_BUSINESS_BEHAVIOR_STANDARD
STORY-0040,REWORK_REQUIRED,EXPLICIT_USER_APPROVAL_REQUIRED_AFTER_REWORK,BUSINESS_BEHAVIOR_AND_USER_SYSTEM_IMPACT_REWORK,REWORK_FROM_FROZEN_SOURCE_TO_BUSINESS_BEHAVIOR_STANDARD
STORY-0041,REWORK_REQUIRED,EXPLICIT_USER_APPROVAL_REQUIRED_AFTER_REWORK,BUSINESS_BEHAVIOR_AND_USER_SYSTEM_IMPACT_REWORK,REWORK_FROM_FROZEN_SOURCE_TO_BUSINESS_BEHAVIOR_STANDARD
STORY-0042,REWORK_REQUIRED,EXPLICIT_USER_APPROVAL_REQUIRED_AFTER_REWORK,BUSINESS_BEHAVIOR_AND_USER_SYSTEM_IMPACT_REWORK,REWORK_FROM_FROZEN_SOURCE_TO_BUSINESS_BEHAVIOR_STANDARD
STORY-0043,REWORK_REQUIRED,EXPLICIT_USER_APPROVAL_REQUIRED_AFTER_REWORK,BUSINESS_BEHAVIOR_AND_USER_SYSTEM_IMPACT_REWORK,REWORK_FROM_FROZEN_SOURCE_TO_BUSINESS_BEHAVIOR_STANDARD
STORY-0044,REWORK_REQUIRED,EXPLICIT_USER_APPROVAL_REQUIRED_AFTER_REWORK,BUSINESS_BEHAVIOR_AND_USER_SYSTEM_IMPACT_REWORK,REWORK_FROM_FROZEN_SOURCE_TO_BUSINESS_BEHAVIOR_STANDARD
STORY-0045,REWORK_REQUIRED,EXPLICIT_USER_APPROVAL_REQUIRED_AFTER_REWORK,BUSINESS_BEHAVIOR_AND_USER_SYSTEM_IMPACT_REWORK,REWORK_FROM_FROZEN_SOURCE_TO_BUSINESS_BEHAVIOR_STANDARD
STORY-0046,REWORK_REQUIRED,EXPLICIT_USER_APPROVAL_REQUIRED_AFTER_REWORK,BUSINESS_BEHAVIOR_AND_USER_SYSTEM_IMPACT_REWORK,REWORK_FROM_FROZEN_SOURCE_TO_BUSINESS_BEHAVIOR_STANDARD
STORY-0047,REWORK_REQUIRED,EXPLICIT_USER_APPROVAL_REQUIRED_AFTER_REWORK,BUSINESS_BEHAVIOR_AND_USER_SYSTEM_IMPACT_REWORK,REWORK_FROM_FROZEN_SOURCE_TO_BUSINESS_BEHAVIOR_STANDARD
STORY-0048,REWORK_REQUIRED,EXPLICIT_USER_APPROVAL_REQUIRED_AFTER_REWORK,BUSINESS_BEHAVIOR_AND_USER_SYSTEM_IMPACT_REWORK,REWORK_FROM_FROZEN_SOURCE_TO_BUSINESS_BEHAVIOR_STANDARD
STORY-0049,REWORK_REQUIRED,EXPLICIT_USER_APPROVAL_REQUIRED_AFTER_REWORK,BUSINESS_BEHAVIOR_AND_USER_SYSTEM_IMPACT_REWORK,REWORK_FROM_FROZEN_SOURCE_TO_BUSINESS_BEHAVIOR_STANDARD
STORY-0050,REWORK_REQUIRED,EXPLICIT_USER_APPROVAL_REQUIRED_AFTER_REWORK,BUSINESS_BEHAVIOR_AND_USER_SYSTEM_IMPACT_REWORK,REWORK_FROM_FROZEN_SOURCE_TO_BUSINESS_BEHAVIOR_STANDARD
STORY-0051,REWORK_REQUIRED,EXPLICIT_USER_APPROVAL_REQUIRED_AFTER_REWORK,BUSINESS_BEHAVIOR_AND_USER_SYSTEM_IMPACT_REWORK,REWORK_FROM_FROZEN_SOURCE_TO_BUSINESS_BEHAVIOR_STANDARD
STORY-0052,REWORK_REQUIRED,EXPLICIT_USER_APPROVAL_REQUIRED_AFTER_REWORK,BUSINESS_BEHAVIOR_AND_USER_SYSTEM_IMPACT_REWORK,REWORK_FROM_FROZEN_SOURCE_TO_BUSINESS_BEHAVIOR_STANDARD
STORY-0053,REWORK_REQUIRED,EXPLICIT_USER_APPROVAL_REQUIRED_AFTER_REWORK,BUSINESS_BEHAVIOR_AND_USER_SYSTEM_IMPACT_REWORK,REWORK_FROM_FROZEN_SOURCE_TO_BUSINESS_BEHAVIOR_STANDARD
STORY-0054,READY_FOR_USER_REVIEW_AFTER_IMPLEMENTATION_SOURCE_RECONCILIATION,EXPLICIT_USER_APPROVAL_REQUIRED_AFTER_REWORK,BUSINESS_BEHAVIOR_AND_SELECTOR_TARGET_IMPLEMENTED_SOURCE_VALIDATED,USER_REVIEW_AND_EXPLICIT_APPROVAL_OR_REWORK
STORY-0055,REWORK_REQUIRED,EXPLICIT_USER_APPROVAL_REQUIRED_AFTER_REWORK,BUSINESS_BEHAVIOR_AND_USER_SYSTEM_IMPACT_REWORK,REWORK_FROM_FROZEN_SOURCE_TO_BUSINESS_BEHAVIOR_STANDARD
STORY-0056,REWORK_REQUIRED,EXPLICIT_USER_APPROVAL_REQUIRED_AFTER_REWORK,BUSINESS_BEHAVIOR_AND_USER_SYSTEM_IMPACT_REWORK,REWORK_FROM_FROZEN_SOURCE_TO_BUSINESS_BEHAVIOR_STANDARD
STORY-0057,REWORK_REQUIRED,EXPLICIT_USER_APPROVAL_REQUIRED_AFTER_REWORK,BUSINESS_BEHAVIOR_AND_USER_SYSTEM_IMPACT_REWORK,REWORK_FROM_FROZEN_SOURCE_TO_BUSINESS_BEHAVIOR_STANDARD
STORY-0058,REWORK_REQUIRED,EXPLICIT_USER_APPROVAL_REQUIRED_AFTER_REWORK,BUSINESS_BEHAVIOR_AND_USER_SYSTEM_IMPACT_REWORK,REWORK_FROM_FROZEN_SOURCE_TO_BUSINESS_BEHAVIOR_STANDARD
STORY-0059,REWORK_REQUIRED,EXPLICIT_USER_APPROVAL_REQUIRED_AFTER_REWORK,BUSINESS_BEHAVIOR_AND_USER_SYSTEM_IMPACT_REWORK,REWORK_FROM_FROZEN_SOURCE_TO_BUSINESS_BEHAVIOR_STANDARD
STORY-0060,REWORK_REQUIRED,EXPLICIT_USER_APPROVAL_REQUIRED_AFTER_REWORK,BUSINESS_BEHAVIOR_AND_USER_SYSTEM_IMPACT_REWORK,REWORK_FROM_FROZEN_SOURCE_TO_BUSINESS_BEHAVIOR_STANDARD
STORY-0061,REWORK_REQUIRED,EXPLICIT_USER_APPROVAL_REQUIRED_AFTER_REWORK,BUSINESS_BEHAVIOR_AND_USER_SYSTEM_IMPACT_REWORK,REWORK_FROM_FROZEN_SOURCE_TO_BUSINESS_BEHAVIOR_STANDARD
STORY-0062,REWORK_REQUIRED,EXPLICIT_USER_APPROVAL_REQUIRED_AFTER_REWORK,BUSINESS_BEHAVIOR_AND_USER_SYSTEM_IMPACT_REWORK,REWORK_FROM_FROZEN_SOURCE_TO_BUSINESS_BEHAVIOR_STANDARD
STORY-0063,REWORK_REQUIRED,EXPLICIT_USER_APPROVAL_REQUIRED_AFTER_REWORK,BUSINESS_BEHAVIOR_AND_USER_SYSTEM_IMPACT_REWORK,REWORK_FROM_FROZEN_SOURCE_TO_BUSINESS_BEHAVIOR_STANDARD
STORY-0064,REWORK_REQUIRED,EXPLICIT_USER_APPROVAL_REQUIRED_AFTER_REWORK,BUSINESS_BEHAVIOR_AND_USER_SYSTEM_IMPACT_REWORK,REWORK_FROM_FROZEN_SOURCE_TO_BUSINESS_BEHAVIOR_STANDARD
STORY-0065,REWORK_REQUIRED,EXPLICIT_USER_APPROVAL_REQUIRED_AFTER_REWORK,BUSINESS_BEHAVIOR_AND_USER_SYSTEM_IMPACT_REWORK,REWORK_FROM_FROZEN_SOURCE_TO_BUSINESS_BEHAVIOR_STANDARD
STORY-0066,REWORK_REQUIRED,EXPLICIT_USER_APPROVAL_REQUIRED_AFTER_REWORK,BUSINESS_BEHAVIOR_AND_USER_SYSTEM_IMPACT_REWORK,REWORK_FROM_FROZEN_SOURCE_TO_BUSINESS_BEHAVIOR_STANDARD
STORY-0067,REWORK_REQUIRED,EXPLICIT_USER_APPROVAL_REQUIRED_AFTER_REWORK,BUSINESS_BEHAVIOR_AND_USER_SYSTEM_IMPACT_REWORK,REWORK_FROM_FROZEN_SOURCE_TO_BUSINESS_BEHAVIOR_STANDARD
STORY-0068,REWORK_REQUIRED,EXPLICIT_USER_APPROVAL_REQUIRED_AFTER_REWORK,BUSINESS_BEHAVIOR_AND_USER_SYSTEM_IMPACT_REWORK,REWORK_FROM_FROZEN_SOURCE_TO_BUSINESS_BEHAVIOR_STANDARD
STORY-0069,REWORK_REQUIRED,EXPLICIT_USER_APPROVAL_REQUIRED_AFTER_REWORK,BUSINESS_BEHAVIOR_AND_USER_SYSTEM_IMPACT_REWORK,REWORK_FROM_FROZEN_SOURCE_TO_BUSINESS_BEHAVIOR_STANDARD
STORY-0070,REWORK_REQUIRED,EXPLICIT_USER_APPROVAL_REQUIRED_AFTER_REWORK,BUSINESS_BEHAVIOR_AND_USER_SYSTEM_IMPACT_REWORK,REWORK_FROM_FROZEN_SOURCE_TO_BUSINESS_BEHAVIOR_STANDARD
STORY-0071,REWORK_REQUIRED,EXPLICIT_USER_APPROVAL_REQUIRED_AFTER_REWORK,BUSINESS_BEHAVIOR_AND_USER_SYSTEM_IMPACT_REWORK,REWORK_FROM_FROZEN_SOURCE_TO_BUSINESS_BEHAVIOR_STANDARD
STORY-0072,REWORK_REQUIRED,EXPLICIT_USER_APPROVAL_REQUIRED_AFTER_REWORK,BUSINESS_BEHAVIOR_AND_USER_SYSTEM_IMPACT_REWORK,REWORK_FROM_FROZEN_SOURCE_TO_BUSINESS_BEHAVIOR_STANDARD
STORY-0073,REWORK_REQUIRED,EXPLICIT_USER_APPROVAL_REQUIRED_AFTER_REWORK,BUSINESS_BEHAVIOR_AND_USER_SYSTEM_IMPACT_REWORK,REWORK_FROM_FROZEN_SOURCE_TO_BUSINESS_BEHAVIOR_STANDARD
STORY-0074,REWORK_REQUIRED,EXPLICIT_USER_APPROVAL_REQUIRED_AFTER_REWORK,BUSINESS_BEHAVIOR_AND_USER_SYSTEM_IMPACT_REWORK,REWORK_FROM_FROZEN_SOURCE_TO_BUSINESS_BEHAVIOR_STANDARD
STORY-0075,REWORK_REQUIRED,EXPLICIT_USER_APPROVAL_REQUIRED_AFTER_REWORK,BUSINESS_BEHAVIOR_AND_USER_SYSTEM_IMPACT_REWORK,REWORK_FROM_FROZEN_SOURCE_TO_BUSINESS_BEHAVIOR_STANDARD
STORY-0076,REWORK_REQUIRED,EXPLICIT_USER_APPROVAL_REQUIRED_AFTER_REWORK,BUSINESS_BEHAVIOR_AND_USER_SYSTEM_IMPACT_REWORK,REWORK_FROM_FROZEN_SOURCE_TO_BUSINESS_BEHAVIOR_STANDARD
STORY-0077,REWORK_REQUIRED,EXPLICIT_USER_APPROVAL_REQUIRED_AFTER_REWORK,BUSINESS_BEHAVIOR_AND_USER_SYSTEM_IMPACT_REWORK,REWORK_FROM_FROZEN_SOURCE_TO_BUSINESS_BEHAVIOR_STANDARD
STORY-0078,REWORK_REQUIRED,EXPLICIT_USER_APPROVAL_REQUIRED_AFTER_REWORK,BUSINESS_BEHAVIOR_AND_USER_SYSTEM_IMPACT_REWORK,REWORK_FROM_FROZEN_SOURCE_TO_BUSINESS_BEHAVIOR_STANDARD
STORY-0079,REWORK_REQUIRED,EXPLICIT_USER_APPROVAL_REQUIRED_AFTER_REWORK,BUSINESS_BEHAVIOR_AND_USER_SYSTEM_IMPACT_REWORK,REWORK_FROM_FROZEN_SOURCE_TO_BUSINESS_BEHAVIOR_STANDARD
STORY-0080,REWORK_REQUIRED,EXPLICIT_USER_APPROVAL_REQUIRED_AFTER_REWORK,BUSINESS_BEHAVIOR_AND_USER_SYSTEM_IMPACT_REWORK,REWORK_FROM_FROZEN_SOURCE_TO_BUSINESS_BEHAVIOR_STANDARD
STORY-0081,REWORK_REQUIRED,EXPLICIT_USER_APPROVAL_REQUIRED_AFTER_REWORK,BUSINESS_BEHAVIOR_AND_USER_SYSTEM_IMPACT_REWORK,REWORK_FROM_FROZEN_SOURCE_TO_BUSINESS_BEHAVIOR_STANDARD
STORY-0082,REWORK_REQUIRED,EXPLICIT_USER_APPROVAL_REQUIRED_AFTER_REWORK,BUSINESS_BEHAVIOR_AND_USER_SYSTEM_IMPACT_REWORK,REWORK_FROM_FROZEN_SOURCE_TO_BUSINESS_BEHAVIOR_STANDARD
STORY-0083,REWORK_REQUIRED,EXPLICIT_USER_APPROVAL_REQUIRED_AFTER_REWORK,BUSINESS_BEHAVIOR_AND_USER_SYSTEM_IMPACT_REWORK,REWORK_FROM_FROZEN_SOURCE_TO_BUSINESS_BEHAVIOR_STANDARD
STORY-0084,REWORK_REQUIRED,EXPLICIT_USER_APPROVAL_REQUIRED_AFTER_REWORK,BUSINESS_BEHAVIOR_AND_USER_SYSTEM_IMPACT_REWORK,REWORK_FROM_FROZEN_SOURCE_TO_BUSINESS_BEHAVIOR_STANDARD
STORY-0085,REWORK_REQUIRED,EXPLICIT_USER_APPROVAL_REQUIRED_AFTER_REWORK,BUSINESS_BEHAVIOR_AND_USER_SYSTEM_IMPACT_REWORK,REWORK_FROM_FROZEN_SOURCE_TO_BUSINESS_BEHAVIOR_STANDARD
STORY-0086,REWORK_REQUIRED,EXPLICIT_USER_APPROVAL_REQUIRED_AFTER_REWORK,BUSINESS_BEHAVIOR_AND_USER_SYSTEM_IMPACT_REWORK,REWORK_FROM_FROZEN_SOURCE_TO_BUSINESS_BEHAVIOR_STANDARD
STORY-0087,REWORK_REQUIRED,EXPLICIT_USER_APPROVAL_REQUIRED_AFTER_REWORK,BUSINESS_BEHAVIOR_AND_USER_SYSTEM_IMPACT_REWORK,REWORK_FROM_FROZEN_SOURCE_TO_BUSINESS_BEHAVIOR_STANDARD
STORY-0088,REWORK_REQUIRED,EXPLICIT_USER_APPROVAL_REQUIRED_AFTER_REWORK,BUSINESS_BEHAVIOR_AND_USER_SYSTEM_IMPACT_REWORK,REWORK_FROM_FROZEN_SOURCE_TO_BUSINESS_BEHAVIOR_STANDARD
STORY-0089,REWORK_REQUIRED,EXPLICIT_USER_APPROVAL_REQUIRED_AFTER_REWORK,BUSINESS_BEHAVIOR_AND_USER_SYSTEM_IMPACT_REWORK,REWORK_FROM_FROZEN_SOURCE_TO_BUSINESS_BEHAVIOR_STANDARD
STORY-0090,REWORK_REQUIRED,EXPLICIT_USER_APPROVAL_REQUIRED_AFTER_REWORK,BUSINESS_BEHAVIOR_AND_USER_SYSTEM_IMPACT_REWORK,REWORK_FROM_FROZEN_SOURCE_TO_BUSINESS_BEHAVIOR_STANDARD
STORY-0091,REWORK_REQUIRED,EXPLICIT_USER_APPROVAL_REQUIRED_AFTER_REWORK,BUSINESS_BEHAVIOR_AND_USER_SYSTEM_IMPACT_REWORK,REWORK_FROM_FROZEN_SOURCE_TO_BUSINESS_BEHAVIOR_STANDARD
STORY-0092,REWORK_REQUIRED,EXPLICIT_USER_APPROVAL_REQUIRED_AFTER_REWORK,BUSINESS_BEHAVIOR_AND_USER_SYSTEM_IMPACT_REWORK,REWORK_FROM_FROZEN_SOURCE_TO_BUSINESS_BEHAVIOR_STANDARD
STORY-0093,REWORK_REQUIRED,EXPLICIT_USER_APPROVAL_REQUIRED_AFTER_REWORK,BUSINESS_BEHAVIOR_AND_USER_SYSTEM_IMPACT_REWORK,REWORK_FROM_FROZEN_SOURCE_TO_BUSINESS_BEHAVIOR_STANDARD
STORY-0094,REWORK_REQUIRED,EXPLICIT_USER_APPROVAL_REQUIRED_AFTER_REWORK,BUSINESS_BEHAVIOR_AND_USER_SYSTEM_IMPACT_REWORK,REWORK_FROM_FROZEN_SOURCE_TO_BUSINESS_BEHAVIOR_STANDARD
STORY-0095,REWORK_REQUIRED,EXPLICIT_USER_APPROVAL_REQUIRED_AFTER_REWORK,BUSINESS_BEHAVIOR_AND_USER_SYSTEM_IMPACT_REWORK,REWORK_FROM_FROZEN_SOURCE_TO_BUSINESS_BEHAVIOR_STANDARD
STORY-0096,REWORK_REQUIRED,EXPLICIT_USER_APPROVAL_REQUIRED_AFTER_REWORK,BUSINESS_BEHAVIOR_AND_USER_SYSTEM_IMPACT_REWORK,REWORK_FROM_FROZEN_SOURCE_TO_BUSINESS_BEHAVIOR_STANDARD
STORY-0097,REWORK_REQUIRED,EXPLICIT_USER_APPROVAL_REQUIRED_AFTER_REWORK,BUSINESS_BEHAVIOR_AND_USER_SYSTEM_IMPACT_REWORK,REWORK_FROM_FROZEN_SOURCE_TO_BUSINESS_BEHAVIOR_STANDARD
STORY-0098,REWORK_REQUIRED,EXPLICIT_USER_APPROVAL_REQUIRED_AFTER_REWORK,BUSINESS_BEHAVIOR_AND_USER_SYSTEM_IMPACT_REWORK,REWORK_FROM_FROZEN_SOURCE_TO_BUSINESS_BEHAVIOR_STANDARD
STORY-0099,REWORK_REQUIRED,EXPLICIT_USER_APPROVAL_REQUIRED_AFTER_REWORK,BUSINESS_BEHAVIOR_AND_USER_SYSTEM_IMPACT_REWORK,REWORK_FROM_FROZEN_SOURCE_TO_BUSINESS_BEHAVIOR_STANDARD
STORY-0100,REWORK_REQUIRED,EXPLICIT_USER_APPROVAL_REQUIRED_AFTER_REWORK,BUSINESS_BEHAVIOR_AND_USER_SYSTEM_IMPACT_REWORK,REWORK_FROM_FROZEN_SOURCE_TO_BUSINESS_BEHAVIOR_STANDARD
STORY-0101,REWORK_REQUIRED,EXPLICIT_USER_APPROVAL_REQUIRED_AFTER_REWORK,BUSINESS_BEHAVIOR_AND_USER_SYSTEM_IMPACT_REWORK,REWORK_FROM_FROZEN_SOURCE_TO_BUSINESS_BEHAVIOR_STANDARD
STORY-0102,REWORK_REQUIRED,EXPLICIT_USER_APPROVAL_REQUIRED_AFTER_REWORK,BUSINESS_BEHAVIOR_AND_USER_SYSTEM_IMPACT_REWORK,REWORK_FROM_FROZEN_SOURCE_TO_BUSINESS_BEHAVIOR_STANDARD
STORY-0103,REWORK_REQUIRED,EXPLICIT_USER_APPROVAL_REQUIRED_AFTER_REWORK,BUSINESS_BEHAVIOR_AND_USER_SYSTEM_IMPACT_REWORK,REWORK_FROM_FROZEN_SOURCE_TO_BUSINESS_BEHAVIOR_STANDARD
STORY-0104,REWORK_REQUIRED,EXPLICIT_USER_APPROVAL_REQUIRED_AFTER_REWORK,BUSINESS_BEHAVIOR_AND_USER_SYSTEM_IMPACT_REWORK,REWORK_FROM_FROZEN_SOURCE_TO_BUSINESS_BEHAVIOR_STANDARD
STORY-0105,REWORK_REQUIRED,EXPLICIT_USER_APPROVAL_REQUIRED_AFTER_REWORK,BUSINESS_BEHAVIOR_AND_USER_SYSTEM_IMPACT_REWORK,REWORK_FROM_FROZEN_SOURCE_TO_BUSINESS_BEHAVIOR_STANDARD
STORY-0106,REWORK_REQUIRED,EXPLICIT_USER_APPROVAL_REQUIRED_AFTER_REWORK,BUSINESS_BEHAVIOR_AND_USER_SYSTEM_IMPACT_REWORK,REWORK_FROM_FROZEN_SOURCE_TO_BUSINESS_BEHAVIOR_STANDARD
STORY-0107,REWORK_REQUIRED,EXPLICIT_USER_APPROVAL_REQUIRED_AFTER_REWORK,BUSINESS_BEHAVIOR_AND_USER_SYSTEM_IMPACT_REWORK,REWORK_FROM_FROZEN_SOURCE_TO_BUSINESS_BEHAVIOR_STANDARD
STORY-0108,REWORK_REQUIRED,EXPLICIT_USER_APPROVAL_REQUIRED_AFTER_REWORK,BUSINESS_BEHAVIOR_AND_USER_SYSTEM_IMPACT_REWORK,REWORK_FROM_FROZEN_SOURCE_TO_BUSINESS_BEHAVIOR_STANDARD
STORY-0109,REWORK_REQUIRED,EXPLICIT_USER_APPROVAL_REQUIRED_AFTER_REWORK,BUSINESS_BEHAVIOR_AND_USER_SYSTEM_IMPACT_REWORK,REWORK_FROM_FROZEN_SOURCE_TO_BUSINESS_BEHAVIOR_STANDARD
STORY-0110,REWORK_REQUIRED,EXPLICIT_USER_APPROVAL_REQUIRED_AFTER_REWORK,BUSINESS_BEHAVIOR_AND_USER_SYSTEM_IMPACT_REWORK,REWORK_FROM_FROZEN_SOURCE_TO_BUSINESS_BEHAVIOR_STANDARD
STORY-0111,REWORK_REQUIRED,EXPLICIT_USER_APPROVAL_REQUIRED_AFTER_REWORK,BUSINESS_BEHAVIOR_AND_USER_SYSTEM_IMPACT_REWORK,REWORK_FROM_FROZEN_SOURCE_TO_BUSINESS_BEHAVIOR_STANDARD
STORY-0112,REWORK_REQUIRED,EXPLICIT_USER_APPROVAL_REQUIRED_AFTER_REWORK,BUSINESS_BEHAVIOR_AND_USER_SYSTEM_IMPACT_REWORK,REWORK_FROM_FROZEN_SOURCE_TO_BUSINESS_BEHAVIOR_STANDARD
STORY-0113,REWORK_REQUIRED,EXPLICIT_USER_APPROVAL_REQUIRED_AFTER_REWORK,BUSINESS_BEHAVIOR_AND_USER_SYSTEM_IMPACT_REWORK,REWORK_FROM_FROZEN_SOURCE_TO_BUSINESS_BEHAVIOR_STANDARD
STORY-0114,REWORK_REQUIRED,EXPLICIT_USER_APPROVAL_REQUIRED_AFTER_REWORK,BUSINESS_BEHAVIOR_AND_USER_SYSTEM_IMPACT_REWORK,REWORK_FROM_FROZEN_SOURCE_TO_BUSINESS_BEHAVIOR_STANDARD
STORY-0115,REWORK_REQUIRED,EXPLICIT_USER_APPROVAL_REQUIRED_AFTER_REWORK,BUSINESS_BEHAVIOR_AND_USER_SYSTEM_IMPACT_REWORK,REWORK_FROM_FROZEN_SOURCE_TO_BUSINESS_BEHAVIOR_STANDARD
STORY-0116,REWORK_REQUIRED,EXPLICIT_USER_APPROVAL_REQUIRED_AFTER_REWORK,BUSINESS_BEHAVIOR_AND_USER_SYSTEM_IMPACT_REWORK,REWORK_FROM_FROZEN_SOURCE_TO_BUSINESS_BEHAVIOR_STANDARD
STORY-0117,REWORK_REQUIRED,EXPLICIT_USER_APPROVAL_REQUIRED_AFTER_REWORK,BUSINESS_BEHAVIOR_AND_USER_SYSTEM_IMPACT_REWORK,REWORK_FROM_FROZEN_SOURCE_TO_BUSINESS_BEHAVIOR_STANDARD
STORY-0118,REWORK_REQUIRED,EXPLICIT_USER_APPROVAL_REQUIRED_AFTER_REWORK,BUSINESS_BEHAVIOR_AND_USER_SYSTEM_IMPACT_REWORK,REWORK_FROM_FROZEN_SOURCE_TO_BUSINESS_BEHAVIOR_STANDARD
STORY-0119,REWORK_REQUIRED,EXPLICIT_USER_APPROVAL_REQUIRED_AFTER_REWORK,BUSINESS_BEHAVIOR_AND_USER_SYSTEM_IMPACT_REWORK,REWORK_FROM_FROZEN_SOURCE_TO_BUSINESS_BEHAVIOR_STANDARD
STORY-0120,REWORK_REQUIRED,EXPLICIT_USER_APPROVAL_REQUIRED_AFTER_REWORK,BUSINESS_BEHAVIOR_AND_USER_SYSTEM_IMPACT_REWORK,REWORK_FROM_FROZEN_SOURCE_TO_BUSINESS_BEHAVIOR_STANDARD
STORY-0121,REWORK_REQUIRED,EXPLICIT_USER_APPROVAL_REQUIRED_AFTER_REWORK,BUSINESS_BEHAVIOR_AND_USER_SYSTEM_IMPACT_REWORK,REWORK_FROM_FROZEN_SOURCE_TO_BUSINESS_BEHAVIOR_STANDARD
STORY-0122,REWORK_REQUIRED,EXPLICIT_USER_APPROVAL_REQUIRED_AFTER_REWORK,BUSINESS_BEHAVIOR_AND_USER_SYSTEM_IMPACT_REWORK,REWORK_FROM_FROZEN_SOURCE_TO_BUSINESS_BEHAVIOR_STANDARD
STORY-0123,REWORK_REQUIRED,EXPLICIT_USER_APPROVAL_REQUIRED_AFTER_REWORK,BUSINESS_BEHAVIOR_AND_USER_SYSTEM_IMPACT_REWORK,REWORK_FROM_FROZEN_SOURCE_TO_BUSINESS_BEHAVIOR_STANDARD
STORY-0124,REWORK_REQUIRED,EXPLICIT_USER_APPROVAL_REQUIRED_AFTER_REWORK,BUSINESS_BEHAVIOR_AND_USER_SYSTEM_IMPACT_REWORK,REWORK_FROM_FROZEN_SOURCE_TO_BUSINESS_BEHAVIOR_STANDARD
STORY-0125,REWORK_REQUIRED,EXPLICIT_USER_APPROVAL_REQUIRED_AFTER_REWORK,BUSINESS_BEHAVIOR_AND_USER_SYSTEM_IMPACT_REWORK,REWORK_FROM_FROZEN_SOURCE_TO_BUSINESS_BEHAVIOR_STANDARD
STORY-0126,REWORK_REQUIRED,EXPLICIT_USER_APPROVAL_REQUIRED_AFTER_REWORK,BUSINESS_BEHAVIOR_AND_USER_SYSTEM_IMPACT_REWORK,REWORK_FROM_FROZEN_SOURCE_TO_BUSINESS_BEHAVIOR_STANDARD
STORY-0127,REWORK_REQUIRED,EXPLICIT_USER_APPROVAL_REQUIRED_AFTER_REWORK,BUSINESS_BEHAVIOR_AND_USER_SYSTEM_IMPACT_REWORK,REWORK_FROM_FROZEN_SOURCE_TO_BUSINESS_BEHAVIOR_STANDARD
STORY-0128,REWORK_REQUIRED,EXPLICIT_USER_APPROVAL_REQUIRED_AFTER_REWORK,BUSINESS_BEHAVIOR_AND_USER_SYSTEM_IMPACT_REWORK,REWORK_FROM_FROZEN_SOURCE_TO_BUSINESS_BEHAVIOR_STANDARD
STORY-0129,REWORK_REQUIRED,EXPLICIT_USER_APPROVAL_REQUIRED_AFTER_REWORK,BUSINESS_BEHAVIOR_AND_USER_SYSTEM_IMPACT_REWORK,REWORK_FROM_FROZEN_SOURCE_TO_BUSINESS_BEHAVIOR_STANDARD
STORY-0130,REWORK_REQUIRED,EXPLICIT_USER_APPROVAL_REQUIRED_AFTER_REWORK,BUSINESS_BEHAVIOR_AND_USER_SYSTEM_IMPACT_REWORK,REWORK_FROM_FROZEN_SOURCE_TO_BUSINESS_BEHAVIOR_STANDARD
STORY-0131,REWORK_REQUIRED,EXPLICIT_USER_APPROVAL_REQUIRED_AFTER_REWORK,BUSINESS_BEHAVIOR_AND_USER_SYSTEM_IMPACT_REWORK,REWORK_FROM_FROZEN_SOURCE_TO_BUSINESS_BEHAVIOR_STANDARD
STORY-0132,REWORK_REQUIRED,EXPLICIT_USER_APPROVAL_REQUIRED_AFTER_REWORK,BUSINESS_BEHAVIOR_AND_USER_SYSTEM_IMPACT_REWORK,REWORK_FROM_FROZEN_SOURCE_TO_BUSINESS_BEHAVIOR_STANDARD
STORY-0133,REWORK_REQUIRED,EXPLICIT_USER_APPROVAL_REQUIRED_AFTER_REWORK,BUSINESS_BEHAVIOR_AND_USER_SYSTEM_IMPACT_REWORK,REWORK_FROM_FROZEN_SOURCE_TO_BUSINESS_BEHAVIOR_STANDARD
STORY-0134,REWORK_REQUIRED,EXPLICIT_USER_APPROVAL_REQUIRED_AFTER_REWORK,BUSINESS_BEHAVIOR_AND_USER_SYSTEM_IMPACT_REWORK,REWORK_FROM_FROZEN_SOURCE_TO_BUSINESS_BEHAVIOR_STANDARD
